"BROKEN","EPIC","FAILED","FEATURE","PASSED","SKIPPED","STORY","UNKNOWN"
"1","Advisor","0","Get advisor By ID","0","0","Unauthorized Access to Get advisor","0"
"0","Authentication","0","Log in","0","1","Login Invalid Password","0"
"1","Authentication","0","Change Password","0","0","Change Password with Invalid Auth Scheme","0"
"1","Authentication","0","Enable User","0","0","Enable User without Enable Field","0"
"1","Advisor","0","List Advisors","0","0","List Advisors with Missing Authorization Header","0"
"0","Advisor","0","Find advisor By Email","0","1","Find advisor by Invalid Email Format","0"
"1","Advisor","0","Crate advisor Account","0","0","Post advisor Without Profile Picture","0"
"0","Advisor","0","Find advisor By Email","0","1","Find advisor by Email with Invalid Content-Type Header","0"
"1","Advisor","0","Update advisor","0","0","Update advisor with Empty Address","0"
"1","Authentication","0","Enable User","0","0","Enable User with Valid Email and Enable True","0"
"1","Advisor","0","Update advisor","0","0","Update advisor with Updated Address Only","0"
"0","Advisor","0","Crate advisor Account","0","1","Post advisor With Minimum Valid Fields","0"
"1","Advisor","0","Update advisor","0","0","Update advisor with Valid Data","0"
"0","Authentication","0","Change Password","0","1","Change Password with Empty Username","0"
"1","Advisor","0","Find advisor By Email","0","0","Find advisor by Email with Uppercase Domain","0"
"1","Advisor","0","Crate advisor Account","0","0","Post advisor Invalid Birth Date Format","0"
"0","Advisor","0","Get advisor By ID","0","1","Get advisor by Negative ID","0"
"1","Authentication","0","Reset Password","0","0","Reset Password with Empty Email","0"
"1","Authentication","0","Change Password","0","0","Change Password with Incorrect HTTP Method","0"
"1","Advisor","0","Get advisor By ID","0","0","Get advisor by Non-Numeric ID","0"
"1","Authentication","0","Change Password","0","0","Change Password with Empty Confirm Password","0"
"1","Advisor","0","Get advisor By ID","0","0","Find advisor by ID with Missing Authorization Header","0"
"1","Advisor","0","Get advisor By ID","0","0","Get advisor by Valid ID","0"
"1","Advisor","0","Crate advisor Account","0","0","Post advisor Without First Name","0"
"1","Advisor","0","List Advisors","0","0","Search Advisors with No Results","0"
"1","Authentication","0","Change Password","0","0","Change Password with Non-Matching Passwords","0"
"1","Advisor","0","Crate advisor Account","0","0","Post advisor Duplicate Email","0"
"1","Authentication","0","Log in","0","0","Login Empty Password","0"
"1","Authentication","0","Log in","0","0","Login Mismatched Passwords","0"
"1","Advisor","0","Update advisor","0","0","Update advisor with Empty FanPageUrl","0"
"0","Advisor","0","Get advisor By ID","0","1","Get advisor by Non-Existent ID","0"
"1","Advisor","0","Find advisor By Email","0","0","Find advisor by Valid Email","0"
"0","Authentication","0","Enable User","0","1","Enable User with Unregistered Email","0"
"1","Advisor","0","List Advisors","0","0","Unauthorized Access","0"
"1","Advisor","0","Crate advisor Account","0","0","Post advisor With CellPhone Less Than 8 Digits","0"
"1","Advisor","0","Update advisor","0","0","Update advisor with Empty Last Name","0"
"1","Authentication","0","Enable User","0","0","Enable User with Invalid Authentication Token","0"
"0","Advisor","0","Crate advisor Account","0","1","Post advisor Without Email","0"
"1","Advisor","0","Find advisor By Email","0","0","Find advisor by Email with Missing Accept Header","0"
"1","Authentication","0","Enable User","0","0","Enable User with Invalid Email Format","0"
"1","Authentication","0","Reset Password","0","0","Reset Password with Invalid Email Format","0"
"1","Advisor","0","Crate advisor Account","0","0","Post advisor With Empty Fields","0"
"1","Advisor","0","Update advisor","0","0","Update advisor with Empty Payload","0"
"2","Advisor","0","List Advisors","0","0","Search Advisors by Name","0"
"1","Authentication","0","Change Password","0","0","Change Password with Empty Old Password","0"
"1","Advisor","0","List Advisors","0","0","Search Advisors by CI","0"
"1","Advisor","0","Crate advisor Account","0","0","Post advisor Invalid Email Format","0"
"1","Authentication","0","Reset Password","0","0","Reset Password with Unregistered Email","0"
"0","Advisor","0","Update advisor","0","1","Update advisor with Invalid CI Length","0"
"1","Advisor","0","Find advisor By Email","0","0","Find advisor by Email in Uppercase","0"
"1","Advisor","0","Find advisor By Email","0","0","Find advisor by Email with Leading or Trailing Spaces","0"
"1","Authentication","0","Change Password","0","0","Change Password with Empty Password","0"
"0","Authentication","0","Log in","0","1","Login Invalid Credentials","0"
"0","Authentication","0","Log in","0","1","Login Empty Username Valid Password","0"
"1","Authentication","0","Log in","0","0","Login Valid Username Empty Password","0"
"1","Advisor","0","Update advisor","0","0","Update advisor with Invalid Authentication Token","0"
"1","Authentication","0","Enable User","0","0","Enable User without Authentication Token","0"
"1","Authentication","0","Log in","0","0","Login Empty Username","0"
"1","Advisor","0","Update advisor","0","0","Update advisor without Authentication Token","0"
"1","Authentication","0","Reset Password","0","0","Reset Password with Empty Password","0"
"1","Authentication","0","Log in","0","0","Login Success","0"
"0","Advisor","0","Find advisor By Email","0","1","Find advisor by Non-Existent Email","0"
"1","Advisor","0","Update advisor","0","0","Update advisor with Empty CI","0"
"1","Advisor","0","Get advisor By ID","0","0","Find advisor by ID with Missing Accept Header","0"
"1","Advisor","0","Crate advisor Account","0","0","Post advisor With Invalid ProfilePicture URL","0"
"1","Advisor","0","Find advisor By Email","0","0","Find advisor by Empty Email","0"
"0","Authentication","0","Log in","0","1","Login Invalid Username","0"
"1","Authentication","0","Change Password","0","0","Change Password without Token","0"
"1","Advisor","0","Find advisor By Email","0","0","Unauthorized Access to Find advisor","0"
"0","Advisor","0","Get advisor By ID","0","1","Get advisor by Zero ID","0"
"1","Authentication","0","Log in","0","0","Login Missing Confirm Password","0"
"1","Authentication","0","Change Password","0","0","Change Password with Incorrect Old Password","0"
"1","Advisor","0","Update advisor","0","0","Update advisor with Updated Email Only","0"
"1","Authentication","0","Reset Password","0","0","Reset Password without Authentication Token","0"
"1","Advisor","0","Crate advisor Account","0","0","Post advisor with Invalid Cell Phone (Non-Digits)","0"
"0","Advisor","0","Update advisor","0","1","Update advisor with Invalid Cell Phone Format","0"
"1","Authentication","0","Change Password","0","0","Change Password with Weak Password","0"
"1","Advisor","0","Crate advisor Account","0","0","Post advisor With Future Birth Date","0"
"1","Advisor","0","Crate advisor Account","0","0","Post advisor With Duplicate CI","0"
"1","Advisor","0","Crate advisor Account","0","0","Post advisor with Invalid CI Format","0"
"1","Advisor","0","Crate advisor Account","0","0","Post advisor Without Birth Date","0"
"0","Advisor","0","Get advisor By ID","0","1","Find advisor by ID with Invalid Content-Type Header","0"
"1","Advisor","0","Update advisor","0","0","Update advisor with Empty First Name","0"
"1","Authentication","0","Reset Password","0","0","Reset Password with Valid Email and Password","0"
"1","Authentication","0","Reset Password","0","0","Reset Password with Invalid Authentication Token","0"
"1","Advisor","0","Update advisor","0","0","Update advisor with Updated Last Name Only","0"
"1","Advisor","0","Update advisor","0","0","Update advisor with Updated FanPageUrl Only","0"
"1","Advisor","0","List Advisors","0","0","Search Advisors by Last Name","0"
"1","Advisor","0","List Advisors","0","0","Search Advisors with Special Characters","0"
"1","Advisor","0","Find advisor By Email","0","0","Find advisor by Email with Missing Authorization Header","0"
"1","Advisor","0","Update advisor","0","0","Update advisor with Updated First Name Only","0"
"1","Advisor","0","Update advisor","0","0","Update advisor with Empty Cell Phone","0"
"0","Advisor","0","List Advisors","0","1","List Advisors with Invalid Content-Type Header","0"
"1","Authentication","0","Log in","0","0","Login Invalid Fields","0"
"1","Advisor","0","List Advisors","0","0","List All Advisors","0"
"1","Authentication","0","Change Password","0","0","Change Password with Invalid Token","0"
"1","Authentication","0","Enable User","0","0","Enable User with Empty Email","0"
"1","Advisor","0","Crate advisor Account","0","0","Post advisor with Future BirthDate","0"
"1","Advisor","0","List Advisors","0","0","List Advisors with Missing Accept Header","0"
"0","Advisor","0","Crate advisor Account","0","1","Post advisor All Fields Valid","0"
"1","Advisor","0","Update advisor","0","0","Update advisor with Updated Cell Phone Only","0"
"0","Advisor","0","Crate advisor Account","0","1","Post advisor Without FanPageUrl","0"
